ci_Addresses,,,,,"AddrGUID=""2612986D-1E02-4360-96B5-D4263EF99EC0"""
ci_CaseData,,,,,"CaseGUID=""00000000-0000-0000-0000-000000000000"""
ci_DeathInfo,,,,,"AddressCategory=""1024"""
ci_Marketing,,,,,"CertifierType=""0"""
ci_RacialInfo,,,,,"Title="""""
ci_Service,,,,,"FirstName="""""
ci_Survivors,,,,,"MiddleName="""""
ci_Finance,,,,,"LastName="""""
ci_ServiceVisitation,,,,,"Suffix="""""
su_PriceList,,,,,"CompanyName="""""
ci_fin_Automotive,,,,,"LetterSalutation="""""
ci_fin_CashAdvance,,,,,"Address1="""""
ci_fin_Facilities,,,,,"Address2="""""
ci_fin_Merchandise,,,,,"City="""""
su_PriceListFields,,,,,"State="""""
ci_OutOfTownArrangements,,,,,"Zip="""""
ci_OTA_FlightInfo,,,,,"CityLocation=""1"""
ci_fin_Alterations,,,,,"InCity=""1"""
ci_Payments,,,,,"Locality="""""
ci_SurvivorFollowup,,,,,"County="""""
ci_Preneed,,,,,"Country="""""
ci_PNDepository,,,,,"Notes="""""
ci_PNPayments,,,,,"Phone="""""
ci_Veteran,,,,,"PhoneExt="""""
ci_Notes,,,,,"Phone2="""""
ci_Checklist,,,,,"Phone2Ext="""""
ci_CheckListLabels,,,,,"Phone3="""""
ci_MerchandiseOrders,,,,,"Phone3Ext="""""
ci_ContributionsTracking,,,,,"AltPhone="""""
,,,,,"AltPhoneDescription="""""
,,,,,"EMail="""""
,,,,,"SSNumber="""""
,,,,,"Predeceased=""0"""
,,,,,"Selected=""0"""
,,,,,"Deleted=""0"""
,,,,,"Created=""2020-07-20T09:25:12.363"""
,,,,,"CreatedBy=""2"""
,,,,,"InCityUnknown=""0"""
,,,,,"District="""""
,,,,,"DistrictName="""""
,,,,,"URL="""""
,,,,,"Amount=""0.0000"""
,,,,,"CasketOpen=""9"""
,,,,,"UrnPresent=""9"""
,,,,,"KindOfService=""9"""
,,,,,"Completed=""9"""